FID,SECTOR,SHAPE_Length,SHAPE_Area
1,Southwest,0.293157642403529,0.00440865605627677
2,North,0.240385611811463,0.00285655867438364
3,Downtown,0.129283255690487,0.000886264748410922
4,South,0.33317989014304,0.00488796012539689
5,East,0.303397635878364,0.00392734893621828
